start	end	text
386286	388148	Hello, I'm Zeina Badawi.
388308	394534	Welcome to the Maison de la Paix in Geneva for this UN Secretary-General debate.
394995	409530	Now, of course, Geneva is a city which is home to numerous UN bodies, so there is a lot of buzz in the city about who is going to be the next Secretary-General of the United Nations, who will succeed Antonio Guterres at the start of the year.
409930	412371	Well, currently there are five candidates.
412872	414732	Three of them are with me here on stage.
414773	417314	We have a video intervention from the fourth.
417774	434622	So we're going to be testing their suitability by asking them questions from our audience here about whether they are really the right person to take on this enormous role at a critical time, not only for the UN itself, but at a time in global history.
435143	439465	Before we hear from the candidates, we're going to set the scene with this brief film.
446582	459225	More than 80 years after its founding, the question of who leads the United Nations is more important than ever before because in 2026, the global order is at a decisive moment.
460365	474529	There's not only a series of protracted conflicts which scar the world, but there's also a growing distrust in global institutions and a weakening of the multilateral consensus that has held since the Second World War.
476233	488695	Despite these pressures, the United Nations remains the only universal forum where all member states can come together, an institution that is often a lifeline for millions of people around the world.
489658	499244	At the same time, it's being called upon to become more agile, representative and effective, capable of responding to the challenges of the 21st century.
499884	511712	And that is why the choice of the next Secretary General is not merely a moment of institutional transition, it is a decision about the very future of multilateralism.
513352	517715	The leadership required today demands more than just diplomatic experience.
517775	524019	It calls for a figure who can uphold the UN Charter and the principles of international law.
524479	528502	Someone who can strengthen cooperation in a fragmented world.
528902	533865	Someone who can turn conflict and confrontation into dialogue and negotiation.
534886	546504	In a nutshell, the UN Charter's founding principles uphold the human rights of all peoples and equality between men and women and nations, big or small.
548097	565220	The UN needs leadership that can act in profoundly difficult, dangerous and complex environments with an understanding of crises on the ground and a genuine commitment to advancing sustainable solutions on a planet increasingly affected by climate change.
566399	583776	The legitimacy of the next Secretary General will depend not only on the support of member states, but also on the trust of societies, communities affected by conflict, and younger generations who may question the credibility of the current international system.
585217	589461	Today, the candidates come together in a shared public debate space.
590415	597501	a place to contrast visions, priorities and leadership approaches in a response to current global challenges.
598542	613135	This debate is not only a presentation of candidacies, it is a global conversation at a pivotal time in history about the kind of leadership the international community needs for the years and decades ahead.
626625	633792	So a brief outline there of the kind of challenges that lie ahead for the next Secretary General of the United Nations.
633853	642141	Now, this is a post which one former Secretary General of the UN described as the most impossible job on this earth.
642601	647006	So why on earth do these candidates want to assume the position?
647587	649327	me tell you who they are and we'll find out why.
649628	673013	Rebecca Grinspan was a vice president in her native Costa Rica and she's currently head of UNCTAD which is the UN's body on trade and development but Rebecca I know you've stepped down temporarily while you're doing all your candidacy stuff so thank you very nice to see you Rebecca and also we have Maria Espinoza from Ecuador where she served as foreign and defense minister and Maria you've also been
673773	676294	president of the UN General Assembly, so welcome to you.
676814	682057	And Michelle Bachelet was president of Chile until 2018, but she's an old UN hand.
682077	686699	She's also been head of UN Women and the UN Human Rights Council.
686759	688720	So that is our panel here with us.
689060	690200	Welcome to you all.
690220	691281	Give them a round of applause.
691641	692081	Thank you.
698969	701011	As I said at the outset, there are five candidates.
701051	706758	We also have President Macisal, former president of Senegal, who was sent us a video intervention.
706778	708960	We'll be hearing from him a little bit later.
709100	714286	And also Rafael Grossi from Argentina, who was the current head of the IAEA.
714326	715047	That's the UN's
715387	718410	Body International Atomic Energy Agency.
718810	722474	Now he's not available to be with us and he also chose not to send us a video.
722994	735066	So now let's start with our questions from our audience here in the Maison de la Paix and the first question is from Eugenia Rogers who's a Geneva Graduate Institute student.
735526	737108	Eugenia your question please.
739175	740275	Thank you very much.
740455	742096	It's such a pleasure to be here.
742796	755539	My question for you is that many young people around the world feel that multilateral institutions are struggling to deliver on the challenges that matter most to our futures.
756039	768982	So what would you do as Secretary General to rebuild trust in the United Nations among younger generations and demonstrate that multilateralism can still be a force for change?
769322	769782	Thank you.
770763	775125	So let's take that second bit of the question there, because we're going to talk about the role of the SG presently.
775205	778647	So how can you revive trust in multilateralism?
779087	779467	Rebecca.
779847	785550	Well, I think that first, we need to listen to you, not only invite you.
787251	794175	I think that it's true that the young people feel very worried about their future.
795390	804012	And I think that there is a lot of skepticism, as you said, with respect to the UN and the multilateral system.
805152	813934	I will nonetheless call on you not to allow skepticism to go to fatalism.
814694	819015	Skepticism is a question, but fatalism is a surrender.
820015	830956	So I call on you not to allow anybody to tell you or to tell us that we have no choices and that we cannot do better.
832012	850262	My second point is that you will rebuild trust when you will deliver, as you said, in your problems, when we will address conflicts that are recruiting you and displacing you, when we will care about the planet that we
852583	873472	that we live in and you will inherit, when we will face the debt problem that doesn't allow your country to invest in their people, in education and health, when we will give you a seat in defining the technologies and what we will do for the future.
873933	876514	So delivering on the challenges.
877264	879048	But let me ask all of you here.
880050	883378	We want you to trust us, but do you know
884837	889220	How, what is the percentage of young people under 30 in the U.S.?
889540	892502	You're supposed to be answering the questions, not asking them, for any way.
892782	893382	Do you know?
894003	895163	Do you have any idea?
895684	896624	Do you have any idea?
897024	897705	Okay, let's assume.
897725	898405	Four percent.
898746	899126	Oh, right.
899286	899926	Four percent.
900647	907191	So, an institution that wants you to trust us cannot make you invisible.
908051	911313	If you're invisible, you will never trust us.
911453	919076	And so, build and trust start also, but what we have to do inside the UN, not only outside the UN.
919276	919696	Thank you.
919776	921917	Maria Spinoza, your answer to that question.
921957	927360	So global challenges require a multilateral response, essentially is what Rebecca's been saying.
928140	930461	Well, I can relate very well to her.
931382	932222	I understand
932900	936702	exactly why one would feel disappointed.
937402	940944	Because trust is not something you declare, it's something you earn.
941584	948088	And the way to earn the trust and the credibility is through delivery.
949126	957790	And I think the UN does not suffer from a crisis of purpose or principles enshrined in the Charter.
958250	965734	It suffers from a crisis of delivery, of impact, of accountability, and of inclusion.
966474	972697	And of course, when we see a young person asking that question, we have come up with
973805	977207	the Declaration on Future Generations, a new office for young people.
977667	981149	But it is not only about listening to young people.
981669	985891	It's about having them being the architects of their own future.
986411	989713	Not the victims, but the agents of transformation.
990253	994855	In the multilateral space, what that means is decisions that are taking
995355	1004902	in the multilateral space have to listen to the younger generations, have them bring their ideas and innovation, and transform the system.
1005402	1018912	As Secretary General, this is the transformation I want to lead, an intergenerational transformation to regain the trust, the credibility, and the purpose of the UN through delivery.
1019472	1021153	It is about impact.
1021313	1024315	It is about touching and transforming people's lives.
1024675	1028538	That's exactly what the UN was called to do.
1028998	1031700	The first phrase of the Charter, which is my favorite one,
1032985	1034386	is we the peoples.
1034786	1038968	And of course, we the peoples is the 1.5 billion young people around there.
1039368	1043890	In my own team now as a candidate, most of my team are under 30.
1044411	1045791	And it's not to check the box.
1046132	1059598	It is about having them giving the intelligence, the advice, and being part of the proposals that I am bringing to the UN, a UN that has to be credible and trusted, has to be earned.
1059778	1060198	Thank you.
1060539	1061319	Michelle Bachelet.
1061599	1064721	Well, I agree with what both have said already, of course.
1065621	1076387	But I think, and I remember once working at UN AIDS, UN Women, and a girl says to me, it's not enough that I'll be sitting in the table.
1076647	1078428	I want to discuss the shape of the table.
1079389	1081350	So young people have ideas.
1081870	1085052	In many of the areas that we see as huge challenges for
1085892	1100226	and need a multilateral answer, like climate change and others, and AI, et cetera, young people can play a direct role because they are creative, they have an innovative perspective, et cetera.
1100706	1106471	So I do believe that what the Secretary General has to do, a future Secretary General, is to ensure
1107212	1112054	that the UN not only communicates better, but really is results oriented.
1112074	1114934	Because, as you said, Maria Fernanda and I agree on that.
1115055	1117855	It's delivering what people will realize.
1118336	1120796	Is this institution doing what they have to do?
1120936	1122997	Is it having the answer that we need?
1123477	1131840	And is it not only listening to us, but because you can listen and not do anything about it afterwards, it's either taking into consideration our demands, our needs.
1132160	1134741	But I have to say also that multilateralism
1135461	1136422	has a lot of problems.
1136482	1142408	But if we didn't have a multilateral system, children in the refugee camps wouldn't have vaccines.
1143009	1147814	People on displacement wouldn't have support.
1148094	1154040	So there's a lot of things that multilateralism has done, and we need to improve everything that needs to be done better.
1154180	1156922	But multilateralism and the UN are not the same thing.
1156942	1161567	I mean, there are lots of regional bodies, the African Union, the European Union, ASEAN, and so on.
1161867	1167892	And a lot of people are saying, actually, this is a more pragmatic approach to multilateralism, you know, bite-sized chunk.
1167912	1172176	We're asking too much of the UN, 193 countries, to try and get consensus.
1172616	1175439	It becomes, you know, you just get institutional inertia.
1175846	1179931	So perhaps all of you would just address this issue of regional bodies very quickly.
1179951	1186039	Do you think that perhaps they are less unwieldy than the UN as a multilateral tool?
1186500	1192147	Yes, and I think this is clear, for example, when you have to deal with issues of peace and security.
1192848	1195810	or when we are talking about financing for development.
1196110	1206056	I mean, all these regional groups, and you mentioned many of them, but also the development banks in different regions, can play an important role as well.
1207037	1207717	Regional bodies?
1208257	1208938	Shout out to them.
1210326	1215711	Well, what I would say that the world has changed in these eight years.
1216592	1223119	The role of regions, the role of banks, the role of the private sector, it's extremely important.
1223159	1225841	The UN is not the only game in town anymore.
1226482	1237810	But the UN is irreplaceable because it's the only universal platform that brings all countries together to face and respond to the challenges of the world of today.
1238190	1242252	We are living an era of radical interdependence.
1242573	1245455	The big question is how we govern interdependence.
1245755	1252879	The UN, I think, is absolutely the only universal body that brings everybody together.
1252919	1255041	That's both its strength and weakness you can't get.
1255796	1260000	The phrase I have been using is the UN is unique, but it's not alone.
1260821	1267506	There are much more capacities today outside the UN, not like in 1945.
1268087	1273131	But the UN has a culture problem, because we want everything to come on the UN.
1273551	1277555	We don't know how to deeply partner, real partnership.
1279798	1289392	For example, the African Union, we have resolutions trying to make them a stronger actor in peace and security.
1289812	1292977	We still haven't made that decision.
1293057	1293978	happen.
1294118	1300545	Implementation of real partnerships is really lagging behind because of the culture of the UN.
1300845	1302067	So we need to refocus.
1302527	1303448	We are unique.
1303829	1308954	We have to do the things in which we are unique, but we have to learn how to partner.
1309074	1314838	I don't pose it as a question, but we know that 42% of the UN's funding comes from the United States and China.
1314958	1320882	U.S. currently $4 billion in arrears, and China owes about half a billion currently.
1320982	1324785	So, you know, there is a question of, can you do anything if you don't have the money?
1324845	1330189	And Antonio Guterres, we know, has been saying, I don't have the money, I'm going to run out very soon.
1330249	1332070	But anyway, that's a question for another day.
1332671	1335052	You mentioned the African Union, and indeed...
1336143	1337444	For our nightmares, you mean.
1339224	1344646	That's going to be something for you to grapple with, getting the money if any one of you assumes the role.
1344686	1352149	Well, somebody else who wants to assume the position of Secretary General of the UN is one of our candidates, Maki Sal, former president of Senegal.
1352189	1359172	He couldn't be with us, but he has sent us this video message setting out his perspective on multilateralism.
1361813	1365955	I believe that the international system is fragmented.
1367148	1369388	because trust has been weakened.
1370429	1374850	And without trust, multilateralism cannot deliver.
1375850	1381891	If selected Secretary General, I would champion three concrete changes.
1383051	1389953	First, I would work to bring the United Nations back to its member states.
1391173	1396234	Reform must be owned by countries large
1396838	1399318	and small, north and south.
1400319	1406040	The UN must listen more and act with more inclusiveness.
1407920	1426603	As Secretary General, I will be a bridge builder, someone able to speak to everyone, listen to everyone, bring positions closer, and maintain dialogue even in times of high tension.
1428586	1432327	Second, I would make the UN more effective on the ground.
1433587	1444129	When they must be rationalized and clear, resources better used and results better measured.
1445529	1455731	Third, while taking care of human rights, I would also make development a central pillar of peace.
1456852	1458312	We cannot fight terrorism.
1459005	1464608	instability or migration only with security responses.
1466289	1481456	We must win the battle of development by promoting jobs for youth, women, investment, infrastructure, climate justice, and fair access to finance.
1483017	1486759	The Secretary General has no army and no police
1488027	1496090	His true strength is credibility, impartiality, and moral authority.
1497391	1499592	I'm not running for a career.
1500692	1515258	I'm running for impact to rebuild trust, restore dialogue, and help make the United Nations a stronger tool of collective action.
1518948	1527438	Mackie Sell, the former president of Senegal, making his pitch on how he would restore trust in the UN and deliver on multilateralism.
1527999	1537009	So now we can go to a second question from our audience and former executive director of the Kofi Annan Foundation, Kofi Annan of course,
1537970	1540891	the late Kofi Annan, a former Secretary General of the UN himself.
1540972	1546454	And we have a question from Corinne Momal Vanillon on leadership.
1546654	1547014	Thank you.
1547735	1548475	Good afternoon.
1548975	1556699	And the question I'd like to ask the candidates is, what is their vision of the role of the Secretary General in peace and security?
1556899	1559040	Is it that of a Secretary General
1559540	1571969	who is a political actor in her own right and who can take initiatives and shape global diplomacy along the lines of articulated by Boutros Boutros-Ghali 30 years ago in his Agenda for Peace?
1572650	1585379	Or is it more of a Secretary General focused primarily on facilitating cooperation among member states as put forward by Antonio Guterres in his new Agenda for Peace three years ago?
1585719	1586400	Thank you very much.
1587475	1602441	OK, I should just add that there is something in the charter, isn't there, the UN Charter Article 99, which allows the Secretary General to invoke, to take it to the Security Council if he, she feels that there's a real threat to international peace and security.
1602461	1609404	And Antony Guterres, I believe, has only actually ever done this once in 2023 during the Israel-Gaza conflict and so on.
1609824	1615587	So just to bear that in mind as well, whether you would trigger the use of Article 99.
1615647	1615947	Maria.
1617664	1619765	Well, I didn't say that, but...
1620165	1624547	In English, if we... Yeah, in English, but I think...
1633792	1636833	Multilingualism is extremely important.
1637694	1641095	I think the French language is also very important.
1641655	1650978	In the hub of the UN here in Geneva, it's a francophone, and I understand that there is no translation, but I wanted to say hello.
1651319	1653179	You all speak French, don't you?
1653379	1654460	And bonjour, and bonjour.
1655340	1659743	And my question is not an either-or response.
1660223	1671710	I think a secretary-general should use every tool provided in the charter to be, first of all, work very strongly on prevention.
1671750	1675653	That's why I'm proposing a prevention and early action hub.
1676673	1690139	has to work as a peacemaker, has to work also to support others when they take the lead on peacemaking, and has to be an onus broker and impartial agent.
1690420	1695822	But impartiality doesn't mean a silence or paralysis.
1696302	1700823	It really means to be able to bring all the parties together.
1701343	1704864	I did that when I was president of the UN General Assembly.
1705244	1712225	I brought 193 countries together to discuss very complex and contentious issues.
1712725	1724767	It's the ability to convene, the ability to really serve as a true bridge builder, but it is also to be active, to be present, to be present, to be seen
1725287	1730851	when a conflict is about to erupt or when a conflict has already happened.
1731411	1735595	Early warning, early action are of utmost importance.
1736115	1747703	As we said, the UN is not the only game in town, but the secretary-general should be foot on the ground, active, present, engaged, and be trusted by all member states.
1747843	1750806	So a UN secretary-general out in the field as much as possible.
1750906	1751966	OK, Michelle Bachelet.
1752907	1755390	I agree also that you have to be both.
1756311	1760795	And of course it will depend on the moment and which is the role that you have to play.
1761736	1774549	On one hand, if you have a person who wants to facilitate, but that has no independent judgement, that's not going to be a facilitator, that's going to be a moderator, and the UN doesn't need a moderator as Secretary General.
1775410	1787956	If you have, on the other hand, somebody who is independent but has no capability to build trust across the different sides of the problem, you will not be a peacemaker, you will be a commentator of news.
1788396	1793639	So we need somebody who understands the moment, and we have the tools.
1793799	1795900	It's not true that we don't have the tools.
1796380	1798441	The Shutter mentions many of them.
1798941	1801302	Of course, the good offices.
1801762	1803122	Of course, early warning.
1803303	1804963	You need to have early warning signs.
1805483	1806584	You need to mediate.
1806604	1811165	You need to identify who can be your allies in terms of making good results.
1811525	1815587	There's a lot of things that many of us in our former capacity have done many times.
1816527	1818608	The thing I think is not the lack of tools.
1818648	1823851	The problem we have is there's no capacity in the system to read the early warning signs.
1823911	1829414	And I've said it many times, and I've discussed this, being executive director, UN Women, and as high commissioner.
1830655	1835457	I always said that I don't have the time now, that I went to a country, I knew there was going to come coup d'etat.
1835598	1840060	I mentioned to everybody, everybody said I was crazy, and the coup d'etat came two weeks later.
1840480	1843422	Because you have to read what's happening in the country.
1844262	1852230	The last thing I have to say is that by many times what the Secretary needs to do is to facilitate the relation between countries.
1852510	1856914	For example, to find a room or space where people can come together and dialogue.
1857415	1862940	But on the other hand, or to open channels when people are refusing to speak to each other.
1863570	1866112	Sometimes silence cannot happen.
1866533	1868154	You cannot be a complex of silence.
1868234	1871617	If civilians are being killed, the Secretary General has to speak.
1872237	1874880	But also has to work and dialogue with all members of state.
1874900	1877462	That doesn't mean dialogue, doesn't mean endorsement.
1877902	1882586	I mean, you can dialogue and work with countries that you have, or governments that you have criticized.
1882646	1884868	I have worked with governments I have publicly criticized.
1885428	1886709	But that doesn't mean endorsement.
1886729	1890673	It means that you have to engage to try to produce the results needed.
1891213	1905563	So I think the second area has to be both, and the thing is to identify what can work, because sometimes preventive diplomacy is very important, sometimes you have to be actively on the field mediating, but anticipating.
1905603	1911447	I think the US has difficulties to anticipate and to prevent crisis from happening.
1912247	1912607	Rebecca.
1913408	1918872	Well, hearing the question, the first thing that comes to mind is Kofi Annan.
1919712	1924716	Yes, Kofi Annan was an independent leader and a very effective leader at the same time.
1925396	1930680	So his example is a good one to follow.
1931220	1939807	I think that my criteria of success as SGE is that nobody will ask me again
1940687	1942348	Where is the UN?
1944249	1948031	If that question continues, we will be irrelevant.
1948652	1951053	So the important thing is to be there.
1951654	1955016	We have become too risk-averse.
1956082	1957363	We cannot do that.
1958104	1962066	Our only risk and our only failure is not to try.
1962667	1966029	And in many cases, I have to say, we have stopped trying.
1966830	1978939	And we have to try and try again because we are the ones, and the Secretary General is the person, that can assume the cost of failure, the cost of rejection.
1979739	1980600	And we have to do that.
1980820	1983522	We have to be courageous to be able to do that.
1984002	1986184	Try again and try again.
1986304	1990287	We have to navigate many no's until we get a yes.
1990667	1995030	That's what happened when I intervened in the Black Sea Initiative.
1995230	1997692	Yes, nobody believed that we could do that.
1998052	2008500	We did that within the framework of a war, but we understood that we can agree on something that can be important for millions of people in the world
2009020	2011282	even if we don't agree on everything.
2012223	2014065	And the other thing is to engage.
2014766	2015547	We have said that.
2016007	2022774	I believe in early warning, but to tell you the truth, early warning is not an information system.
2023394	2028640	We many times think about early warning as a lot of information that we see indicators.
2029100	2036306	No, early warning is to listen to the ground, is to listen to the people that is in all the countries of the world.
2036726	2044092	And sometimes the headquarters is a wall between the ground and what
2044432	2046653	the decisions that have to be taken.
2046913	2052976	And just the last point, for that to be effective, you have to have the best team.
2053477	2060860	We have to change the office of the Secretary General and have the best team with the Secretary General to be effective.
2060881	2062381	You mentioned the Black Sea thing.
2062401	2069225	That's the Ukraine, UN-Turkey agreement that was struck to allow Ukraine to export its grain.
2070385	2092857	during throughout this the conflict because obviously lots of countries were not getting their grain from Ukraine which has seen as a great success I think 2022-23 but you know a lot of people would say we you know gone are the days when we saw a UN Secretary General shuffling between Washington and Moscow trying to sort out the Cuba missile crisis Javier Perez de Cuellar
2093317	2101130	in 1988, mediating between Iraq and Iran, Dag Hammarskjöld famously trying to bring peace through the Congo and so on.
2101271	2103094	As the world's top diplomat,
2104435	2107297	A lot of people are now saying, you're absent, you're irrelevant.
2107357	2114780	Antonio Guterres says the US-Israeli war on Iran is illegal, but nobody really pays any attention.
2114841	2118282	So all of you are obviously women.
2118663	2122945	We've not to date had a secretary general who is female.
2122985	2125506	You go to the UN headquarters and all the pictures, of course, are men.
2125546	2126747	This is the 10th one.
2127127	2128948	I just wonder if all of you could just answer
2129328	2136051	this point, do you feel that, particularly in terms of your diplomatic skills, that your gender brings something different to the table, Michelle?
2137191	2144455	Well, I think that gender, yes, but not any women, if I have to say.
2145195	2152878	One of the reasons that I've been in many different posts is because I'm not trying to maintain myself at that post, I try to do what needs to be done.
2153879	2156000	So I'm not afraid of
2157140	2159601	risking that what I try doesn't work.
2160362	2162623	I'm not afraid of speaking up when it's needed.
2163063	2170548	I'm not afraid to take a plane and get into the place where I need to be, where I have to talk to and produce a dialogue.
2170568	2182754	So I think women that are there to do these kind of things, we're not too many candidates, not many there, it's because we really believe that we want to put our energy and to produce the results needed for the world.
2182974	2183655	Marius, Vanessa.
2184888	2188115	Well, I think, of course, a woman, it's about time, isn't it?
2188436	2190039	After 80 years, of course.
2193381	2199644	What I say is we need a 360 leader with a lot of energy.
2199964	2200765	What does it mean?
2201245	2203686	It's that you master the three pillars of the UN.
2204326	2213270	That you've been Minister of Defense and it's not that I want to speak about my own bio, but you really need to master.
2214591	2218213	You need to master the three pillars, understand how they come together,
2218893	2221737	and have the energy to act and transform.
2222538	2225742	I differ about the issue of prevention.
2226322	2230347	Prevention and early warning have to be more than a slogan.
2231228	2233772	It has to be an operating principle.
2234272	2242034	It has to be the tool that the secretary general has to inform and to advise member states so they can act.
2242534	2244755	To inform yourself so you can act.
2245115	2251917	So basically a 360 secretary general and of course a woman, the best woman, not any woman.
2251957	2252137	Okay.
2252757	2254358	Rebecca on this issue of gender.
2254798	2258539	I'm running to be secretary general because I think I am the best person for the job.
2259879	2260820	Okay.
2260860	2261560	Short and sweet.
2261600	2262000	Thank you.
2266238	2268681	And there is a sort of unwritten thought.
2268701	2274366	I mean, it's not actually stated explicitly that it is the turn of Latin America and the Caribbean.
2274606	2277429	And, of course, we also... We also...
2278169	2278470	I mean...
2282194	2284155	That's just a sort of convention.
2284596	2288559	I think the last person was Javier Pérez de Cuea from Peru, wasn't it?
2289299	2290380	And that was in the 80s.
2290480	2295804	So now let's go to another question from our audience, a graduate of NYU in New York.
2295944	2300987	And Tamao Chika, you want to ask a question on the burning topic of climate.
2301428	2301768	Thank you.
2302080	2302941	Hi, thank you so much.
2303561	2308685	As a young person, I will live with the consequences of climate change and climate decisions made today.
2309406	2316732	Yet many countries most affected by climate change often have the least influence over global climate decisions and face debt burdens.
2317932	2325378	And climate change is an intersectional issue in which forced migration disproportionately affects women in marginalized communities.
2326198	2334504	So as sector general, how would you ensure the climate governance becomes more equitable in response to those on the front lines of the crisis?
2334784	2335165	Thank you.
2335723	2340726	Michel Bachelet, there are so many facets to climate, of course, but that one seems essentially about climate justice.
2341126	2362617	It's really important what she was mentioning, because the places were being more affected, we're talking about small islands, for example, or low coastal communities, or communities who live in places where they are already having the impact of high sea levels, and of course of the extreme weather.
2363157	2367619	They're usually, as you mentioned correctly, they're not sitting at the table where they make decisions.
2368180	2378125	And I think the Secretary General, one of the things it needs to be doing, on one hand, is to ensure that the secretariat and the whole system more representative.
2378565	2387430	Countries who usually don't have those places, they have to be there so they can bring their issues, not only in the General Assembly, but also inside the office of the Secretary General.
2387970	2394352	I think also that we need to ensure that what we sign, I sign as President of the Republic the agreement to Paris.
2394912	2396153	And we know what needs to be done.
2396193	2397833	We all know what works.
2398394	2407797	And what is lacking is, on one hand, enough finance, because the loss and damage fund was a great idea, but it's under-capitalized, so it's not working.
2408297	2410738	And we also need to implement the Paris Agreement.
2411358	2430224	And in that sense, what I would do is I would bring together all the communities that are affected, I mean, sit with them, with the member states, and create sort of a big, big, I would say, sense of urgency that we need to deal with this, because it's not a matter of future, it's a matter of life.
2430924	2433826	taken today, and of course in the future generations.
2434447	2445696	But I also believe that we need to ensure that all the finance given to those member states that are fighting with a terrible debt
2446797	2449319	It's not possible that it has to be given by loans.
2449639	2453303	They have to receive money with grants because they cannot.
2453723	2464774	I mean, they're drowning and we're asking them to ask for loans with a debt service that's so big, it's higher than they can use in health, in education, but also in climate mitigation and adaptation.
2465234	2485199	So we need to change many things to continue pushing for the urgency that is for humanity, climate change, but not only climate change, pollution, and of course a loss of biodiversity, the triple issue, but also to ensure that the countries have the way to respond to that.
2485639	2486539	Rebecca Greenspan?
2487359	2488159	Yes.
2489060	2494821	Well, I worked extensively on the intersection of climate and development.
2495762	2506112	When I was vice president of my country and the minister of finance before that, Costa Rica reverted with the right policies the forestation.
2506892	2512076	We have today a greener country than we did 40 years ago.
2513337	2518821	And we started with the services for environment, environmental services.
2519762	2529709	And we really strengthened the voice of Costa Rica in the international community because we were credible, we walked the talk.
2530590	2538402	So I think that that is very important in terms of helping and supporting countries with the right policies inside the countries.
2539244	2542108	But second, what the UN can do.
2542769	2545794	First, I think that we need to bring adaptation
2546334	2549477	to also the discussion, not only mitigation.
2549937	2557703	Countries, and you mentioned Shell, the seats or the LDCs, are already suffering the consequence of climate change.
2558123	2564749	So, financing adaptation and the adaptation agenda is central to what we are discussing.
2565389	2570812	Second, we have to scale up finance, but we have also to simplify finance.
2571172	2581438	You know, countries spend years sometimes to be able to get a loan from the funds that we have, from the climate funds and the environmental funds that we already have.
2581498	2583279	They don't have the capacities many times.
2583779	2585760	It's cumbersome and it's bureaucratic.
2585800	2588482	We have to change also the system.
2588962	2601232	And third, we have to bring the multilateral development banks and the private sector to the financial flows to go to the countries that are not receiving them.
2601872	2611240	Only 2% of the foreign direct investment in renewable energy goes to Africa, 2% of the total of the world.
2611820	2621462	If we don't partner with the multilateral system, with the multilateral development banks, in crowding private investment, it won't happen in these countries.
2621782	2624783	And lastly, you know, the clauses for debt.
2624903	2627304	I think that Michelle, you mentioned that.
2627364	2628704	I think that that's very important.
2629104	2641367	Debt and climate have to be part of the same conversation, because today the countries don't have the fiscal space to invest in their people and to invest in the transition.
2641828	2643453	for a sustainable development.
2643733	2644656	Maria Spinoza.
2645899	2649720	Well, I love that question because I share the same frustration.
2650201	2652682	I have been a climate negotiator for decades.
2652982	2666187	And believe me, I don't know what was more difficult, climate negotiations or when I led the peace talks between the ELN and the government of Colombia, frankly.
2666587	2671389	Why is that we have had 30 cops, very soon 31,
2672809	2689357	31 times we have met to discuss and agree and decide, and emissions continue to grow, and climate shocks continue to destroy lives, livelihoods, your future and the future of younger generations.
2689877	2691458	So there is a frustration there.
2691778	2693619	But why is it so difficult?
2694219	2698361	It is difficult because climate is not an environmental issue only.
2699041	2700562	It is a development issue.
2701762	2703483	It is a macroeconomic issue.
2704003	2705404	It's a security issue.
2706144	2709205	It's an industrialization and competitiveness issue.
2709706	2712147	So that is why it's so difficult.
2712847	2717089	Saying it is difficult, I'm not saying it is impossible.
2717269	2721530	I truly believe that climate change is human-made.
2721650	2722951	It was created by us.
2723491	2724772	And the solutions are there.
2725652	2732258	because we have the technologies, we have the knowledge, we need to scale up finance, but there is plenty of money out there.
2732798	2738623	What we need is the vision, the political will, the voices and the agency of young people.
2739023	2749532	We need indigenous peoples at the table, we need the private sector, and we need to bring, as my colleagues have said so clearly, we need to bring the discussion on debt,
2750192	2756315	on fiscal space, on foreign investment, on supply chains to the climate discussion.
2756835	2757495	Is it easy?
2757915	2766579	It is not easy, but it can be done, especially if the younger generations are part of the solutions and are agents of transformation.
2766739	2768160	You all say it can be done.
2768180	2769040	You've all provided
2769340	2772382	excellent analysis about why we should do it and so on.
2772442	2777286	But it comes against a very difficult global landscape.
2777326	2779268	You know, you mentioned the Paris Treaty.
2779308	2783511	The US, of course, withdrew in completing that in 2020.
2784071	2792037	The problems with the state of Hormuz conflict has renewed, rekindled everybody's interests in the use of fossil fuels and so on.
2792477	2797441	Not necessarily new exploration, but certainly a retreat back into gas.
2797501	2798242	And you mentioned
2798722	2800883	you know, the money and how little has gone in.
2800903	2810687	And we know that 2009, the Copenhagen climate summit said, you know, $100 billion a year should be paid into adaptation and mitigation.
2811347	2813928	But so far, only fractions of money have come in.
2814048	2818270	So all I can say is good luck to the next Secretary General.
2819635	2828499	on, you know, trying to bring about change on this very, very difficult agenda because, you know, the money and the atmosphere has really, really changed.
2828539	2831880	All right, well, you said that climate is related to development.
2831960	2840864	In fact, we do have a question about development from Martin Chung Gong, who's the outgoing Secretary General of the Inter-Parliamentary Union, till the end of this month.
2841445	2842305	Martin's in position.
2842325	2843105	Martin, your question.
2843566	2844966	Thank you very much, Zaina.
2845526	2846647	Congratulations to the
2847343	2849044	candidates here.
2849444	2860752	The next Secretary General of the UN will assume office in early 2027, less than three years to the expiry of the Sustainable Development Goals.
2861612	2867316	And we are generally agreed that these goals, when it comes to progress, has been uneven
2868180	2873101	and in some cases insufficient, largely off track.
2873821	2882443	So as the next Secretary General of the UN, how do you propose to work to bring these SDGs back on track?
2883343	2890385	And subsidiary question, do you consider it important to engage national parliaments in this conversation?
2890985	2891405	Thank you.
2893296	2896017	So quite right.
2896037	2902418	They were pledges that people pledged, governments pledged, but there was no real legal undertaking.
2902458	2905018	So you say slightly off-track, I'll just give you an idea.
2905078	2910599	As you all know, 17 sustainable development goals with about 169 targets.
2910719	2915440	Only 18% of those 169 targets have actually been met.
2915860	2918321	And there's a deficit of about $4 trillion a year.
2919701	2922122	globally to try to meet these SDGs.
2922162	2927564	So you can see 2030, a mere four years away, and we are way off track.
2928004	2929645	Rebecca, your answer please.
2929965	2930345	Thank you.
2930885	2931885	Very easy one.
2933786	2941649	Let me first say that I am really worried about some of the indicators going backward, not even forward.
2943109	2946651	We have 96 million people today
2947531	2950754	in hunger more than in 2015.
2951574	2959600	So we are talking here about really serious backlash that started also with COVID.
2959981	2964704	We forgot COVID already, but many of the countries will never recover.
2965165	2970289	And also hunger that has come with conflict has gone up.
2970969	2985198	And so I think that it's very important that, looking at the future, we remember that most of the indicators of the SDGs are national indicators, are at the national level.
2985739	2990982	So is national governments the ones that have to drive this agenda?
2991462	2998607	And there, Marty, your question, because to drive this agenda at the national level, we need parliaments.
2999107	3007217	We need those that have the voice, have the laws in their hands to be able to partner with the government for this to happen.
3007518	3009160	And the UN has to be there.
3009180	3014686	You know, I've been in the UN long enough to know
3015859	3020722	that we have to defend it, because I believe in the UN, but also the things that have to change.
3021343	3025586	We are still very supply-driven with the countries.
3026066	3032851	We need to be much more demand-driven to be able to help the countries in achieving the SDGs.
3033311	3045174	It won't only happen because we take an account of who has gotten who is on the way to the SDGs and who is not.
3045654	3058597	We need to put back our effort at the country level so we can really make the SDGs go farther towards 2030.
3058737	3059317	All right.
3059377	3063178	Maria Spinoza, SG's got to be an advocate for the SDGs.
3064619	3072046	Well, I think the SDGs are the right ambition, the right roadmap, the right shared narrative.
3072527	3075930	They have been extremely important in pushing the development agenda.
3077451	3080654	But the problem is that ambition is not action.
3081678	3084720	Ambition does not transform people's lives on the ground.
3085060	3096248	I'm also worried not only of the lack of development of the 18% targets on track, I'm also very worried about regression and stagnation.
3097108	3098609	And what to do about that?
3099030	3103513	First of all, I strongly believe that development cannot be delivered from New York.
3104348	3108333	That's absolutely something that we need to learn.
3108933	3111356	Number two, I agree with Rebecca.
3111857	3117623	Development needs to be nationally owned, funded,
3119992	3131096	supported in the role of the UN here, and particularly of the Secretary General, is to help countries to deliver their development pathways.
3131716	3143081	But of course, there are direct actions, but there are also what we call the structural hurdles of development.
3143421	3144782	The UN can help there.
3145462	3151865	For example, to ensure that there is a profound reform of international financial architecture.
3152145	3155446	The UN is not a bank, but it's a convener.
3155867	3163110	It has the data, it has the information, it can provide the advice, the space for multilateral banks to come together.
3163910	3165792	and to have that conversation.
3166592	3171856	We saw it with a very strong outcome of the Sevilla commitment.
3172437	3179582	And I think we cannot wait until 2030, the last day, to start thinking about the future.
3180062	3192085	As Secretary General, I will work hand by hand with member states to imagine a development era that is nationally owned with the three things that developing countries need.
3192325	3195866	Money and resources, technology and institutional capacity.
3195926	3196407	Thank you.
3196687	3197607	Michelle Bachelet.
3197927	3207175	Well, yes, I think sometimes we think on development that we have a problem with money, with resources, and it's true, but it's not that there's not enough global wealth.
3207575	3218644	I mean, there's $430 billion a year as a wealth, and the gap on financing for development is $4.3 trillion.
3220065	3220505	every year.
3220966	3228769	So there are resources, and those resources can come with all the different areas that we have already spoke now and before.
3229270	3240295	Of course, the international financial institution, and I agree, they need to be reformed because they were created in a different area with different challenges.
3240695	3248839	And now we need those institutions, and not only the World Bank and the IMF, the whole group of the IDB, the Asian development,
3249219	3255145	the African Development Bank, all to work together with the private sector as well, because many of these things are really important.
3255705	3261311	If we don't have development, if we fail with developing countries, we're failing to the people.
3261831	3265275	And we are failing to our aspiration of peace and security.
3265675	3270580	We're failing to our aspiration also of ensuring people their human rights.
3271020	3273643	So development needs to be owned, nationally owned.
3274123	3288864	And in that sense, but not only by state members, because having been a president, what I saw, that when you have a policy, policies that last and not become completely evaporated when the next election comes, is when
3289685	3291707	Legislature owns it as well.
3292127	3309882	So Parliament, Martin, are really essential, because we need parliamentarians to own development and own those goals, and to be part of that, and to ensure that the laws can, I would say, reflect what is needed to ensure all these possibilities.
3311101	3313142	Today there's a discussion of what will come in the future.
3313863	3318466	Some people say that next year the UN will be discussing the next step.
3319186	3322608	And I think the next step probably will have to think about it very seriously.
3323168	3328492	Fewer promises, but promises that you can ensure that will be solved, that will be funded.
3328972	3330253	and that you will defend it.
3330753	3333815	Because I think what people want is that their lives improve.
3334236	3334776	And that's it.
3334856	3340100	Not to have hundreds and hundreds of, you know, goals, but goals who really can improve people's lives.
3340500	3345183	Goals that really can ensure that children can go to school, that go to the clinic.
3345463	3348464	that women can have children in a clinic.
3348864	3351725	Those are the things that people want in their daily life.
3351765	3359668	And that's what I think that one of the things that women can bring to this role as well is more humanism.
3360209	3362129	Because I believe we need more humanism.
3362549	3363530	And people need hope.
3369792	3377759	It's interesting, and you mentioned peace and security as several of you have, and I think on this question of, you know, but all of you said there is the money.
3377779	3393732	I'm always struck by that one figure that obviously conflict is a big driver of a lack of development, and the UN's global peacekeeping budget is $5.38 billion, which is equivalent to 16 hours of global military expenditure.
3394272	3399355	So when you say it's a question of priorities and where you put your money, it's very interesting.
3399375	3404999	We didn't talk about peacekeeping, but of course, that's a very important role that the UN does.
3405359	3413384	So we've now got a compound question about two sort of related topics on science, technology, and AI.
3413884	3419888	First of all, from Robert Dygraf, who is president-elect of the International Science Council.
3420428	3421629	Your question, please.
3422249	3428331	Well, thank you so much for creating a place for science and technology in this very interesting debate.
3429011	3436734	It's clear in the future, science will be more important to address global challenges, and it can be a source of optimism.
3437314	3448798	So what are your ideas to make the role of science in the UN more stronger, more structural, in particular, more equitable, in a sense of engaging all member states
3449318	3457006	in terms of gender equality, but also in terms of listening to the voice of the next generation, like my colleague here.
3457186	3457747	Yes, thank you.
3457767	3466636	If you could hand the microphone, in fact, to Tatuli Khedesheli, who is an IE University student who wants to explore the topic of AI.
3466956	3467217	Go ahead.
3467237	3467877	Good afternoon.
3468037	3469139	It is an honor to be here.
3469379	3470740	Thank you for sharing your insights.
3471661	3475748	Emerging technologies and artificial intelligence are transforming societies globally.
3476149	3482981	Yet, many of the most important decisions about these technologies are made by a small number of states and private companies.
3483918	3492443	What role should the United Nations play in ensuring that all countries have a meaningful voice in shaping the rules that govern emerging technologies?
3492803	3493223	Thank you.
3493323	3497986	OK, so you've got two minutes, candidates, to answer both those questions.
3498026	3499406	Maria, you kick off.
3499647	3500007	Thank you.
3500087	3500627	Why me?
3500687	3501027	Why me?
3501047	3501628	Yeah, well.
3502568	3506169	Well, first of all, the role of science, absolutely vital.
3506649	3525356	But I think the UN has the science capacity scattered in many places, and I think that we really need to make sure that there is a space and place for coherent use and organized use of science into decision making.
3525616	3531518	How is that you build in science into daily decision making within the UN system?
3531898	3538843	Second, on AI, I think artificial intelligence is not a tech issue alone.
3539443	3540624	It is a jobs issue.
3541004	3542385	It is an economic issue.
3542525	3543686	It's a security issue.
3543786	3544907	It's an ethics issue.
3545488	3550451	And the UN is perhaps the best place to deal with the complexity of AI.
3550871	3557954	which is really having an impact in our lives today but in our lives in the future.
3558374	3563696	We have come with the global digital compact that was agreed by all member states.
3563816	3571219	We are now about to have in July here in Geneva the first global dialogue on artificial intelligence governance.
3571739	3580589	I think that there is a very important role for the UN to bring all the parties to the conversation.
3581050	3593183	An inclusive dialogue, perhaps not to prescribe, but to ensure that the use of artificial intelligence is human-centered, is ethical, and for the common good.
3593563	3599726	Actually, I think the dialogue taking place here in July is called Artificial Intelligence for Good.
3600007	3603088	I think that is the collective responsibility that we all have.
3603429	3616456	So, of course, the private sector, the UN should not stop innovation, of course, but the UN should bring and use its convening power to have everybody at the table, especially the younger generation.
3616496	3616856	All right.
3617016	3617836	Michelle Bachelet?
3618157	3619177	Well, I'm a physician.
3619757	3620478	So, for me,
3621618	3627100	I always used science-based evidence to try to understand better.
3628041	3635603	And I also tried to think, and that's why also looking after the root causes of what we're looking at, to try to find the best solutions.
3635983	3638484	So I believe science plays a substantial role.
3638924	3642106	I mean, we have seen it, for example, in the response to COVID, of course.
3642126	3643326	That was really important.
3643346	3647808	And the good thing is that the scientific sector probably was the only sector, from the beginning,
3649028	3656996	that was work with solidarity, that they exchange the information, the DNAs that could be brought up to the vaccine.
3657016	3660500	So I really believe that science has to play a role on climate change.
3660860	3665425	Science also has so much to say how things are going if we have to change.
3665645	3671831	On the issue of AI, as High Commissioner of Human Rights, we work a lot with Silicon Valley and with all the companies.
3672452	3678814	trying to understand that AI is essential, is a part of our lives in the future.
3679314	3684016	It has so many beneficial issues, but at the same time, a lot of challenges.
3684436	3690138	In human rights in particular, we had a lot of challenges in the use of artificial intelligence and others to
3691358	3693881	I would say go after some human rights defenders, etc.
3693921	3695822	So we work with the companies.
3695882	3706172	I think the work with the companies to ensure that the human rights perspective is included from the beginning, not after they have created a product and then realize that it's bad for the human being.
3706392	3709034	And lastly, I also think that
3710035	3712997	We need to ensure that AI, that's what the UN has to do.
3713578	3715579	It's a convening power to sit together.
3715619	3721603	I mean, it's the only place, I mean, something that companies don't have is a table of 193 member states.
3722003	3735353	So we can sit together all these stakeholders with the 193 member state to ensure that if AI continues, and it's important, and it will, that doesn't mean that the same group of countries will be left behind.
3736433	3737234	Rebecca Greenspan.
3737816	3741579	Yes, I think that we have to learn a lot from climate change.
3741859	3752007	It was when we brought the science and the scientific community into the collective discussion that we could advance climate change.
3752067	3763055	And I think that is very important, the AI advisory committee and the scientific committee that has been established by the secretary general and the digital compact.
3763615	3772243	And I think that that mirrors how important this could be, because we cannot think or discuss something we don't understand.
3772884	3780190	And to understand, we need to bring the scientific community into the discussion with all the other stakeholders.
3780230	3784815	So very important, the advisory committee and the scientific committee on this area.
3785295	3790678	With respect to AI, I would say three very quick points.
3790878	3794000	First, the principles for ethical behavior.
3794460	3796081	And the UN has worked on this.
3796201	3797641	UNESCO has worked on this.
3798062	3802924	And there are principles and soft laws that are there that we have to implement.
3803384	3807446	And I think that Michelle is right that it has to be considered from the beginning.
3807867	3814470	I remember one of the fathers of AI saying that if you don't consider the
3814730	3819494	ethics from the beginning of the algorithm, then you won't be able to regulate it.
3819614	3820935	So principles.
3821595	3822876	Second, development.
3823116	3825358	We have to close the digital divide.
3825838	3831202	And so development is very important here to be able to go farther.
3831662	3833644	And I have my last point.
3833784	3837606	My last point is the cooperation in the UN for the future.
3837667	3842110	There are three very difficult areas that we will have to discuss.
3842850	3848734	information, cyber security, and the autonomous lethal weapons.
3848935	3856840	Those are difficult areas, and we have to see how we bring all the actors to be able to start a constructive conversation.
3856860	3861864	I'd like to leave enough time for your closing statements, which at this stage are only going to be about 90 seconds.
3861964	3864005	Our final question from the audience, please.
3864366	3867408	Marie Lausalle, director of the Geneva Graduate Institute.
3867428	3869049	You've got a question on human rights.
3870342	3874003	Congratulations first to the three of you for stepping up to the challenge.
3874663	3882446	In 1957, UN Secretary-General Di Amishold emphasized that, and I quote, without recognition of human rights, we shall never have peace.
3883006	3887327	As Secretary-General, what will be your approach to the issue of human rights?
3887867	3892429	Will you be a champion for the principles that are enshrined in the UN Declaration of Human Rights?
3893129	3896990	Michel Bachelet as a former human rights commissioner.
3897490	3902852	It was funny because we decided who will start and I received this fantastic award.
3902872	3904213	Yes, very appropriate.
3904333	3917777	Well, I do believe, really I do believe and I'm concerned listening to some countries that if we don't have, if we don't respect human rights and we don't have development and we don't, we will never have peace and security, never.
3918817	3921319	They're so interconnected and so intertwined.
3921799	3934286	So if I'm Secretary General, what I would try to do is to include human rights perspectives in all the areas that we need to work as UN, because that's the only way that you can build on that.
3936427	3952626	You also have to think on the whole machinery, not only the UN machinery, because what you need also is national commission of UN rights that do their job, judiciary that not threatened because they are intimidated, civil society that can speak out.
3953106	3954287	because they don't feel fear.
3954847	3967415	And also, finally, journalists that can really speak out when things are happening, because when you have all those institutions functioning, we need the UN, the Office of the High Commissioner, to work and have funded.
3967495	3972858	It's only 4% of all the funds that they receive, so it's not much, and it needs to be supported.
3973358	3978722	But we need also the whole structure to function, because we need, when institutions work,
3979422	3981124	People consider it.
3981364	3984707	People can prevent violations from happening.
3985188	3990433	So I think a lot of things need to be done, but I'm sure they have to be all over the place, if I have to say.
3990493	3995137	Human rights has to be at the center of how we look at peace and security development as well.
3996138	4008405	I'm going to ask you all the same thing, just as an adjunct, because we've seen a real retreat on sexual and reproductive health rights, which particularly affects women, and issues of gender, sexual identity have become quite politicised.
4008445	4016030	So how would you all tackle that, if I could add that question as well, but very quickly, if you could answer that particular point, Michelle Bachelet.
4017768	4024952	not giving up, not giving up insistent and putting the women's agenda at the more important place.
4025293	4025733	That's it.
4026253	4027514	And there's lots of strategies.
4027894	4030076	But the first thing is that we won't give up.
4030216	4032797	We won't accept that backlash.
4033378	4034618	OK. Rebecca Greenspan.
4035159	4037840	Let me add, human rights is not a menu.
4038561	4040302	It's a package.
4040402	4042163	We have to comply with all of that.
4043470	4050358	And the countries have a responsibility to comply with human rights, with international law, and with humanitarian law.
4051079	4057146	I think that we need to push back again on the politicization of human rights and humanitarian law.
4057927	4059328	We fought so hard
4060009	4066936	for these areas to be out of politics and to be only centered on the human needs of people.
4067296	4073562	Precisely that's what humanitarian law is, what human rights is, is not to discriminate between anybody.
4074022	4085173	I think that we need the voice of everybody to push back again on the politicization of international law, of humanitarian law, and of the principles of human rights.
4085845	4100478	Second, in the UN-80 process, a group for human rights was formed in the UN precisely for systematize and have a dialogue between all the systems on human rights.
4100699	4101900	I think that is a good idea.
4102500	4113367	So as Secretary General, I will try to resource that group properly, because many times human rights is not properly resourced.
4113848	4124295	I will try for this to be effective in the objectives and not fall into it being another bureaucratic layer of, you know, process.
4124815	4126957	So let's try to make this work.
4126997	4137508	I think that there are good ideas out there and that as Secretary General, I will support it for it to be effective in the objectives that we are set for ourselves.
4137528	4138409	Maria Espinoza.
4139990	4140511	Human rights.
4141540	4145761	Well, it's very easy to say, oh yes, I will be a champion on human rights.
4146041	4149942	Very easy to say, difficult to do when you look at the UN.
4150002	4153843	When I serve here as ambassador, I serve at the Human Rights Council.
4154463	4160545	I saw the potential that the human rights architecture has because we have created it, no, collectively.
4161605	4170311	I saw the potential to ensure that human rights were used for prevention, for peace, for development.
4171332	4179958	I understood that universality, non-politization, the undivisible nature of human rights were extremely important.
4180378	4189185	But I also saw what were the tensions among member states, duplication with the work of human rights in New York.
4190025	4200776	the lack of coherence of the work, mandates multiplying, and we know that is the pillar that is chronically underfunded in the system.
4201156	4202377	So what to do?
4202517	4203378	That's the question.
4204019	4209864	I would say that 20 years of the Human Rights Council, this very year,
4210525	4224452	Perhaps it is time that we rethink how is that we have built this very complex human rights architecture, because everything the UN does needs to have human dignity at the centre.
4224692	4227114	And this is through sexual reproductive health rights?
4227134	4229475	Well, and of course, absolutely.
4230616	4236279	I also looked at the UNAT process and the proposal for a human rights group.
4236419	4238620	I think it's a good initiative.
4239697	4247222	only if it's fully deployed to ensure that the UN delivers on human rights as one.
4247782	4259509	There is no competition, there is no duplication, there is a system working together to ensure, and I say again, that the human dignity is at the centre of everything we do.
4259529	4261811	And the central reproductive health rights, would you
4262896	4265157	The other two answered that, how would you answer it?
4265777	4268938	Well, this is part of the package, I agree.
4269638	4279881	Human rights are indivisible, economic and social rights, political and civil rights, they all come together.
4280001	4288104	It is a complex package, but we need to do something about it to ensure that the system we have created is well-funded,
4288544	4290465	operate well and serve humanity.
4290525	4317883	Thank you to all our questions and now going to up the tempo because we have our closing statements and in the interest of transparency to determine the order I've got this little bag here and I'm going to be pulling up we did that also at the beginning where people would be seated who would go first and so on so the first 90 seconds max two minutes I shall be the time police first to go to the stage is Maria Fernanda Espinoza so your time will start when you get to the stage
4318244	4318746	Better hurry.
4319127	4319488	Thank you.
4326092	4326912	Thank you, thank you.
4326952	4330493	I think it speaks volume to see this room absolutely packed.
4330693	4332793	The interest of the UN remains there.
4333393	4339795	Excellencies, colleagues, and friends, there is no doubt that we live in a world in fire.
4340555	4351257	Wars multiplying, climate shocks accelerating, human rights are under strain, and most of all, trust in our institutions is fading.
4351957	4358458	There are vast problems, but I think we all know that the answer cannot be a collection of band-aids.
4358998	4364519	It cannot be just another report or another committee or another slogan.
4365139	4371001	The crisis that the UN faces today requires something bolder than a chief administrator.
4371721	4378362	It needs a peacemaker, a top manager, a strong advocate for international law and the UN Charter.
4379082	4383546	I think this moment calls for a renaissance, Secretary General.
4384446	4388770	A Secretary General capable of restoring the UN's moral authority.
4389350	4398057	A Secretary General capable of giving the world hope that a better and more peaceful world can be built if we act together.
4398657	4404280	A vision where the UN acts before crisis explode through an effective early action hub.
4404820	4413185	A vision where development is not measured by speeches or slogans, but by whether people have jobs, food, education, dignity.
4413985	4419947	A vision where technology is shaped by and for humanity, not only by power or profit.
4420567	4432472	I think at this moment we cannot afford a secretary general who simply manages the decline, but is brave enough and equipped enough to make the transformations the organization needs.
4433112	4442459	We need a secretary general that can speak with courage, listen with humility, and bring countries back to a shared sense of purpose.
4442879	4446822	That is the leadership, I believe, this moment requires.
4447182	4449504	That is the leadership I will bring to the UN.
4449524	4449884	Thank you.
4449964	4450445	I thank you.
4451105	4459191	So, and the next, the next panelist to go up, Michel Bachelet.
4464690	4469635	Well, the United Nations is not a perfect institution, and we know it very well, for the ones who have worked there.
4470316	4474040	But even in perfect institutions, they can protect people.
4475161	4477683	And when they fail, people pay the price.
4478504	4481867	I'm not running for Secretary General to administer the President.
4482631	4487094	I'm running to help build the United Nations that the next 80 years demand.
4487735	4488916	And here's my commitment to you.
4489676	4496662	I will defend multilateralism, not any multilateralism, but one firmly anchored in the principles and values of the UN Charter.
4497482	4500505	I will be an independent Secretary General, always on the ground.
4501085	4507050	When conflicts arise, I will be there, offering mediation, insisting on respect for international law.
4507790	4515595	I will reform this organization to make it more agile, more efficient, more accountable, and I will do so through dialogue and building consensus.
4516095	4517016	But let me be clear.
4517616	4522499	No reform can come at the expense of the principles that define the institution.
4523100	4529544	The pillars of peace and security, sustainable development and human rights are not adjustable, are not negotiable.
4530124	4534327	Leadership means achieving difficult objectives while keeping them intact.
4535007	4539670	My message of force is all for people throughout the world, to boys and especially girls.
4540291	4541051	It is possible.
4541632	4552600	With courage, with creativity, I place my experience and my commitment to principles at the service of the great task of becoming also the first woman ever to be Secretary General of the United Nations.
4553200	4555322	And I will be honoured, deeply honoured by your trust.
4556002	4560406	But let me say, I think to be First Secretary General,
4561086	4576723	It would be worthy if one can bring to the table all countries, how we organize the Secretariat and the architecture, everyone that feels, because the 193 member states need to feel that the United Nations is theirs.
4586811	4588051	Well, hello, Geneva.
4588332	4590612	We didn't see that, say that before.
4591433	4592473	So let me start.
4593073	4596174	My parents were refugees of the Second World War.
4596995	4603697	A small country with no army took them in and treated them with respect and dignity.
4604397	4605998	I am the daughter of peace.
4606758	4612440	I know what worse takes away and what peace makes possible.
4613280	4620462	I am running because peace is in peril, and trust in the UN and international organizations is eroding.
4621102	4629285	We live in a very complex, multipolar world, with more conflicts today than in 1945.
4629765	4637267	We need a secretary-general that can build bridges, talk to all, negotiate with all, regardless.
4638427	4645593	But we also know that in this multipolarity, we need to choose.
4645934	4648075	Multipolarity is not a choice.
4648716	4649356	It's a fact.
4650057	4653380	What is a choice is multilateralism.
4654120	4660366	A world that is multipolar without multilateralism will drive us to fragmentation.
4661146	4672442	A world of multipolarity with multilateralism will allow us, holds the promise of decentralization and a better world.
4672803	4676909	And this is true not only for the small and medium-sized countries,
4677229	4681313	where our resilience comes from our interdependence.
4681854	4694106	It's also true for the big powers, because they were the ones that lost the most, fought the most, and died the most in the wars of the 20th century.
4695727	4700450	As I said earlier in this panel, we live in a skeptical age.
4701011	4702772	That skepticism is real.
4703212	4708616	I have heard it through the campaign trail, and we must listen.
4709057	4715161	So if I can ask one thing from you, it is not to give away your agency.
4715561	4721005	This moment in history, this race, is a choice, a real choice.
4721465	4724688	So yes, be critical, but choose.
4725749	4726209	Thank you.
4726951	4727852	Thank you Rebecca.
4730295	4735558	So, that's it from this UN Secretary-General debate from the Maison de la Paix.
4735938	4740841	Will the next Secretary-General be one of these three candidates, or Raphael Grossi, or Macky Sal?
4741241	4746283	Or indeed, actually, it's entirely possible that some new names may emerge.
4746704	4753507	The General Assembly vote on the recommendation of the Security Council, we should know by the end of the year, is going to be a long summer candidates.
4753527	4758470	From me, Zain Abidari, and everybody else on the team here from Geneva, goodbye.
4769700	4770120	Thank you.
4791312	4792072	Thank you very much.
